"","X","dataset","lat","long","in.calib.sample","biomass","PINUSX","prairie","QUERCUS","BETULA","other_herbs","CYPERACE","ALNUSX","OSTRYCAR","ULMUS","TSUGAX","PICEAX","ACERX","FRAXINUX","POPULUS","CUPRESSA","other_trees","LARIXPSEU","FAGUS","CARYA","TILIA","ABIES","JUGLANSX"
"1",1,"1032",47.133,-95.47461,1,154.990421402868,8,16,197,5,0,19,2,21,23,0,0,12,15,2,1,15,0,42,28,3,0,7
"2",2,"10970",43.7195,-95.228,1,38.1310049831057,54,230,155,5,108,12,3,6,18,2,0,2,6,2,0,9,0,6,10,0,0,4
"3",3,"10971",43.56928,-95.59275,1,91.6162186217685,194,72,198,12,1362,12,14,2,10,0,0,4,4,0,0,10,64,6,12,0,0,0
"4",4,"10973",45.4935,-93.1545,0,99.5570322794117,11,16,180,5,14,7,0,13,21,1,0,9,17,2,1,8,0,32,33,7,0,11
"5",5,"10974",45.4072,-93.0532,0,137.718158379367,37,106,111,1,0,0,2,3,2,0,0,4,0,3,0,0,0,10,15,2,0,2
"6",6,"10975",45.377,-95.5625,1,186.952094713472,16,9,199,3,0,0,3,8,19,2,0,11,28,0,0,4,0,23,19,5,0,4
"7",7,"10976",44.99,-94.591,0,264.108209391844,3,18,71,4,45,4,6,12,17,0,2,42,21,0,0,7,3,24,8,13,0,4
"8",8,"10977",46.51205,-93.66005,0,226.013672608846,2,2,78,2,0,5,0,4,4,1,0,3,7,0,0,8,0,7,4,1,0,2
"9",9,"10983",44.709,-94.4935,1,35.5129231049307,22,38,157,48,24,21,3,5,6,0,1,3,3,0,0,11,6,2,3,0,0,1
"10",10,"1109",47.181535,-95.86866,1,66.2404094976791,5,1,177,10,4,0,0,6,11,0,0,1,4,0,0,1,0,13,8,0,0,1
"11",11,"1111",46.55,-94.133333,1,161.041212051907,41,5,142,1,18,0,2,16,22,5,4,18,20,17,28,1,0,46,15,0,1,5
"12",12,"1114",41.65,-87.072222,1,22.4291249714869,43,50,68,2,10,59,2,3,5,0,1,6,1,0,6,4,0,0,5,1,4,2
"13",13,"1133",41.67,-86.53,0,27.1700634065104,62,60,430,20,28,4,10,10,30,6,4,4,10,6,0,2,0,16,10,0,0,0
"14",14,"1134",47.958333,-90.933333,0,293.792685923434,124,2,24,19,4,0,15,14,20,21,29,77,12,5,37,2,75,22,2,0,0,0
"15",15,"1138",48.233333,-92.158333,1,174.566811409687,156,4,85,7,24,0,4,3,15,16,12,6,2,4,29,1,2,10,3,0,0,1
"16",16,"1151",44.5,-89.116944,1,117.691788521367,16,18,151,23,10,0,6,34,18,0,1,4,6,1,2,4,0,6,6,3,0,0
"17",17,"1153",47.135556,-93.643611,1,223.637666428099,90,8,245,25,13,0,9,13,30,23,0,25,17,0,0,2,3,33,5,4,0,2
"18",18,"12001",46.186,-85.3082,1,36.0409060842387,72,61,259,19,109,16,11,9,9,1,1,1,17,6,17,7,2,0,6,0,0,1
"19",19,"12004",45.45,-95.24005,1,274.141750269038,92,32,49,4,4,0,6,4,5,10,36,5,7,4,13,2,3,19,4,0,2,3
"20",20,"12005",44.6173,-95.68015,1,0.00212063403755994,25,141,27,10,34,51,4,0,2,0,2,80,3,0,4,2,0,0,2,0,1,0
"21",21,"12006",45.324,-95.27935,1,192.030278272707,87,5,17,20,26,4,1,0,3,42,26,2,0,0,0,2,0,10,3,1,0,1
"22",22,"12007",44.77528,-93.44692,1,0.255264033043683,0,64,62,2,57,0,0,3,11,0,0,0,0,0,0,0,0,0,0,1,0,0
"23",23,"12008",44.30865,-93.92,1,8.96586926128295,23,186,193,9,48,40,5,7,7,0.5,0,2,9,1,1,11,0,0,7,0,0,0
"24",24,"12009",46.19165,-95.4687,0,7.0602776090737,8.5,372,42,3,36,32,3,2,1,0,1,0,3,0,1,4,0,0,1,0,0,0
"25",25,"12010",44.5635,-93.218805,1,0.112099980346451,38,203,58,1,23,5,6,0,25,0,1.5,1,0,0,5,0,0,0,0,0,0,0
"26",26,"12011",45.80155,-95.55285,1,0.0127896668101941,36,143,41,4,79,83,1,5,5,0,0,6,5,0,4,4,0,0,1,1,1,0
"27",27,"12012",46.05545,-95.26345,1,24.4899164830234,50,10,129,23,24,2,3,15,3,5,3,1,6,3,0,0,0,2,3,3,0,1
"28",28,"12013",45.8576,-95.4609,0,22.1200423827043,47,32,162,12,44,11,7,10,3,8,0,5,2,0,0,2,1,0,4,0,0,0
"29",29,"12014",45.6745,-95.7125,1,3.45568464674551,23,152,177.5,17,32.5,53,11,7,6,0,1.5,2,2,0,2,9,0,0,9,1,0,2
"30",30,"12015",45.81725,-95.34235,0,148.441299317039,61,11,55,42,17,2,15,20,19,3,1,10,30,1,1,1,2,22,3,2,2,1
"31",31,"12016",43.65255,-93.284,1,4.89231685997223,90,18,26,1,31,89,2,0,1,0,1,1,0,0,0,1,85,0,2,0,1,1
"32",32,"12024",43.6176,-93.43875,1,82.7205620088578,6,44,135,8,14,13,6,116,65,0,0.5,2,6,0,1,3,0,0,20,18,0,2
"33",33,"13032",44.21895,-93.84015,1,82.7205620088578,97,1552,375,32,73,41,12,23,38,2,1,2,9,1,0,2,0,0,12,17,0,4
"34",34,"13047",45.0265,-83.61,1,73.6211020547574,31,98,187,13,36,17,3,31,45,1,4,4,1,2,0,4,0,0,18,22,0,4
"35",35,"13051",46.5986,-96.18675,1,89.675308939106,73,13,74,52,28,4,4,13,18,3,1,4,13,0,1,0,6,20,2,1,1,0
"36",36,"13056",43.92945,-93.0815,0,79.1810180619356,18,92,136,11,33,18,6,58,49,2,0,23,15,0,0,3,0,0,8,20,0,4
"37",37,"13057",45.40595,-95.39015,0,31.9864103250636,21.5,64,117,5,31,7,1,14,4,2,0,2,7,5,3,7,0,0,1,5,0,1
"38",38,"13071",45.19145,-90.608,1,155.843778455328,50,4,31,32,4,13,2,0,3,55,0,4,1,0,1,1,4,12,2,1,0,0
"39",39,"1446",44.75836,-93.11674,1,68.7245793746653,30,280,132,18,23,13,2,47,45,3,1,9,11,0,1,5,0,0,9,14,0,5
"40",40,"1448",44.238056,-87.848056,1,30.7401209090458,145,13,42,23,10,6,11,11,11,0,0,2,2,0,0,0,0,0,1,0,0,3
"41",41,"14631",43.60715,-94.473645,1,6.06611333059795,37,73,115,14,19,6,3,5,11,1,0,1,9,6,0,8,0,0,2,3,0,0
"42",42,"1524",45.666667,-87.455,1,64.1288993157802,76,163,173,18,16,24,5,21,15,0,4,3,3,0,2,4,0,0,5,2,0,2
"43",43,"15242",41.6355,-87.0945,1,0.0530477698937679,30,79,7,0,39,37,1,0,1,0,1,0,2,1,4,5,0,0,0,0,0,1
"44",44,"15268",41.603005,-87.285365,1,22.3655358210996,23,137,166,6,19,19,7,41,22,2,0,5,6,1,1,3,1,0,5,3,0,2
"45",45,"15274",45.428085,-93.981475,0,127.083052979155,154,7,21,13,1,1,11,4,13,33,0,15,0,0,0,2,1,28,2,1,0,0
"46",46,"15302",43.800155,-89.59428,1,38.3763392922526,38,47,221,18,5,16,8,6,11,0,2,2,1,4,2,1,1,0,2,1,0,3
"47",47,"15309",46.34668,-84.857625,1,0.117511000034012,65,213.5,119,27,104,59,13,16,26,2,4,2,9,6,10,18,1,0,3,2,0,3
"48",48,"15316",46.205,-85.0215,1,14.3651007509307,39,74,184,30,28,25,5,18,8,0,3,2,6,4,2,4,0,0,2,1,1,0
"49",49,"15487",43.35538,-85.3568,1,14.5886499351896,36,92,173,28,14,6,9,11,11,2,2,1,5,4,2,4,0,0,4,3,0,4
"50",50,"15511",42.861,-85.2115,1,14.5886499351896,83,91,148,25,25,41,6,9,13,0,0,1,4,0,0,1,0,0,2,1,0,2
"51",51,"1552",46.353333,-92.870278,0,14.5886499351896,53,42,221,11,21,64,2,0,2,0,0,0,0,0,0,8,0,0,2,0,0,1
"52",52,"15660",46.520515,-86.35387,0,21.5591186945361,72,142,247,13,310,41,7,4,5,1,2.5,3,4,1,3,4,1,0,1,0,1,1
"53",53,"1581",45.066667,-84.783333,1,23.642672532856,36,66,156,25,12,7,14,20,15,0,2,4,12,0,0,9,0,0,3,1,1,0
"54",54,"1584",45.42363,-93.690695,0,0.0245389776815463,51,120,89,7,20,25,5,12,12,1,4,4,3,1,2,10,0,0,3,2,0,1
"55",55,"1588",44.79985,-93.15975,1,89.3991737076861,26,131,182,14,40,17,10,38,47,1,0,1,8,7,3,6,1,0,2,11,0,2
"56",56,"1629",45.749444,-93.364167,1,25.362939756938,89,65,142,22,43,17,10,18,21,3,2,2,1,1,2,0,0,1,4,5,1,0
"57",57,"1633",45.04816,-92.823905,1,65.8018692565855,43,146,76,11,24,31,7,8,9,0,2,0,0,0,0,6,0,0,2,1,0,0
"58",58,"1639",47.286,-93.600465,0,30.9339972573508,29.5,214,207,28,53,28,5,47,41,0,2.5,4,10,10,10,9,0,0,20,18,0,9
"59",59,"1643",45.283333,-91.483333,1,70.5872292834729,45,44,110,13,54,7,3,31,14,0,3,26,5,1,0,5,1,0,6,6,0,2
"60",60,"1665",46.719435,-87.97207,1,3.90034010723592,23.5,114,92,10,47,27,10,19,12,1,1,1,5,2,4,2,0,0,5,2,0,2
"61",61,"1708",47.173975,-94.943965,1,120.237909464615,34,208,228,30,84,65,8,88,33,0,1.5,35.5,9,10,10,17,2,0,4,11,0,1
"62",62,"1720",47.17087,-95.70266,1,112.642620020532,116,3,5,11,19,0,6,0,4,46,7,2,1,0,0,0,1,4,2,2,2,0
"63",63,"1725",46.427222,-84.958333,0,120.237909464615,27,90,116,5,44,266,3,8,12,0,0,24,6,6,3,6,18,0,1,7,0,0
"64",64,"1735",43.1,-89.416667,0,120.237909464615,9,147,120,11,21,14,3,69,30,0,0,15,8,4,1,3,8,0,3,9,0,1
"65",65,"17404",46.144685,-86.48299,1,13.4440690928979,60,53,120,40,33,14,12,9,3,3,2,3,4,1,2,5,0,0,2,0,0,1
"66",66,"17406",46.61506,-88.86036,1,216.676383120715,121,7,20,39,3,0,1,0,13,63,2,23,2,0,0,0,0,24,1,3,0,0
"67",67,"1757",47.244755,-95.007715,0,156.286525913032,152,45,41,149,26,6,11,3,7,58,2,8,9,10,2,3,0,1,2,4,2,1
"68",68,"1777",44.226105,-93.829815,0,156.286525913032,230,11,23,141,39,4,3,1,8,91,5,8,6,4,0,1,0,1,0,5,2,0
"69",69,"1778",46.858935,-94.75542,1,95.8596549761692,75,24,80,109,130,1,18,10,8,6,4,8,5,9,8,2,1,0,0,1,0,0
"70",70,"1781",44.711625,-93.341105,0,95.8596549761692,138,22,77,109,34,1,15,16,6,8,5,6,4,7,10,6,1,0,1,3,0,1
"71",71,"1786",47.982605,-93.3853,1,95.8596549761692,146,23,92,112,17,8,5,28,7,0,2,12,7,5,5,3,11,3,1,0,0,1
"72",72,"1793",48.033333,-91.9,1,157.747764427375,71,16,9,92,193,3,3,2,4,65,5,6,4,1,2,1,3,0,0,0,1,1
"73",73,"1830",46.068333,-93.68,1,113.0173277922,233,15,52,174,10,0,31,6,9,20,3,9,2,6,0,1,1,0,0,1,2,0
"74",74,"1831",46.341585,-94.408,1,1.02629005715223,31,89,84.5,9,40,36.5,9,11,3,1,2.5,1,7,5,4,4,0,0,0,2,0,0
"75",75,"1840",45.933333,-89.625,0,26.8094652734035,77,62,205,38,25,6,35,15,15,0,2,3,5,1,1,5,4,0,4,3,2,2
"76",76,"1884",45.780556,-93.273056,1,127.216980694905,113,22,14,84,44,3,8,3,1,65,2,8,3,3,0,0,5,0,2,1,3,1
"77",77,"1891",46.966667,-95.316667,1,0.184754521576357,35.5,200,43,13,76,67,3,3,5,0,0.5,1,0,0,4,5,0,0,0,1,0,0
"78",78,"1955",44.60587,-93.563475,1,14.3206251835699,97,108,144,30,52,70,16,11,10,1,0,0,2,0,1,3,3,0,3,0,1,0
"79",79,"1966",47.081,-94.113,1,0.96808857474315,50,233,223,38,57,59,13,55,15,0,4,2,8,3,4,16,0.5,0,4,8,0.5,3
"80",80,"19834",43.6774,-94.698115,1,17.8770448842509,177.5,136,216,81,48.5,38,40,28,12,1.5,5.5,6,9,18,11,7,7.5,1,2,3,0.5,0
"81",81,"19937",41.75738,-86.52208,0,8.5700475284809,82,102,144,26,32,19,17,15,20,0,4,4,7,1,4,1,3,0,4,2,0,0
"82",82,"2011",43.4,-88.1,1,10.8350162998048,54,355,71,39,21,7,12,9,2,0,1,1,2,1,15,2,17,0,1,0,0,1
"83",83,"20397",46.565795,-86.0752,1,8.64016804017918,94,72,128,24,13,22,24,27,17,1,3,5,9,2,1,2,4,0,0,5,1,1
"84",84,"205",46.7,-85.040278,1,14.3899397440889,53,71,74,27,39,18,16,2,4,0,2,3,0,1,0,0,4,0,1,1,0,1
"85",85,"2051",47.190745,-95.77364,1,14.3899397440889,95,57,109,36,122,60,13,22,23,1,11,3,10,5,0,3,12,0,1,2,0,1
"86",86,"20512",43.60373,-82.86388,1,8.5700475284809,106,106,135,27,19,15,20,24,9,0,2,4,9,0,4,2,1,0,3,1,0,1
"87",87,"2053",46.211944,-95.284167,1,2.51769947269099,31,89,119,21,20,15,9,26,5,0,1,3,6,1,2,5,0,0,1,8,0,0
"88",88,"2062",47.6,-96.166667,0,16.0274389407915,110,53,106,36,5,30,30,3,7,0,0,3,5,0,0,4,0,0,0,0,0,1
"89",89,"223",47.123935,-95.397205,0,33.1049078946188,196,70,104,53,12,14,17,34,13,0,3,2,5,6,5,1,4,0,0,3,1,0
"90",90,"2309",45.283333,-91.458333,1,147.047219958012,71,7,31,92,5,2,4,5,6,25,13,5,2,2,43,3,4,7,0,1,3,0
"91",91,"2314",44.87083,-93.858975,1,0.249156035001838,52.5,118,47,16,13,55,6,6,6,0,2,1,2,1,1,6,0,0,0,0,0,0
"92",92,"2354",47.208889,-95.833333,0,93.8280147922655,234,81,18,8,34,11,12,6,22,0,3,5,1,1,0,5,0,0,1,0,1,2
"93",93,"2375",47.916667,-91.866667,0,103.267133435993,143,26,39,35,5,3,5,16,12,1,2,10,12,11,0,5,11,0,1,8,0,1
"94",94,"2383",44.895835,-94.20414,0,0.012832131739856,47,186,55,12,36,22,11,3,9,0,3,3,10,1,1,6,0,0,0,2,1,1
"95",95,"2394",47.133333,-93.683333,1,114.869502172115,177,34,73,27,1292,11,23,3,11,0,2,1,2,2,0,1,3,0,0,1,0,0
"96",96,"241",46.128056,-93.703889,1,99.3022284885842,157,6,13,41,8,1,4,1,3,9,3,0,2,0,0,0,2,0,0,1,1,0
"97",97,"249",45.425,-93.183333,1,42.6426083005673,269,14,56,86,28,5,14,9,8,3,8,7,10,6,0,1,4,1,1,2,1,1
"98",98,"25306",43.21822,-83.45983,1,12.2533592641491,44,127,145,27,34,29,10,44,16,0,3.5,17,7,6,0,18,0,0,1,6,0,0
"99",99,"2581",46.662222,-96.25,0,45.6555969240822,51.5,142,117,46,22,32,6,34,15,0,4.5,3,7,11,0,18,0,0,1,5,0,0
"100",100,"2584",45.725,-93.466667,0,126.093120065632,224,25,41,35,32,6,17,8,1,2,0,2,4,2,0,1,3,0,1,1,0,1
"101",101,"2585",45.572222,-93.408333,1,123.498778474145,153,8,2,52,6,3,3,3,2,9,8,4,2,0,0,0,1,0,0,1,1,0
"102",102,"2586",46.47,-86.958333,1,45.0517342873633,29.5,91,86,41,23,25,8,49,19,0,2.5,19,3,5,0,3,0,0,0,10,0,1
"103",103,"2600",44.626875,-93.43352,1,36.0003184575608,301,26,57,55,23,2,20,11,3,6,3,5,5,8,0,4,0,1,3,0,1,2
"104",104,"2605",45.4,-93.522222,1,34.9993451519531,239,20,66,113,16,7,34,4,11,4,7,1,3,7,0,0,0,1,1,5,2,0
"105",105,"2613",44.874722,-93.1,1,30.5908175680102,219,25,64,60,24,3,26,9,4,1,8,5,3,7,0,0,0,0,1,0,2,0
"106",106,"2624",44.15,-91.45,1,30.5997121220679,342,23,35,59,22,5,11,3,6,1,5,6,2,13,0,0,0,0,2,0,1.5,0
"107",107,"2638",47.19324,-95.786645,0,75.3402640158248,315,15,29,116,20,4,20,5,8,22,9,5,1,3,0,0,0,2,1,1,7,1
"108",108,"2640",47.19482,-96.09332,1,127.34161101664,353,13,28,67,19,0,11,8,6,10,3,8,2,3,0,0,0,0,0,1,3,1
"109",109,"2648",45.40895,-93.981715,0,72.0904701822176,244,8,17,185,97,0,38,3,10,2,4,8,1,6,0,1,0,0,0,2,2,1
"110",110,"272",47.559175,-94.970775,1,30.1891478778075,299,16,34,53,18,0,13,5,8,2,7,2,6,3,0,1,0,0,0,1,0,0
"111",111,"275",46.27058,-94.551555,1,30.59220003532,331,24,59,51,19,5,9,3,5,7,9,5,0,9,0,0,1,0,0,2,1,0
"112",112,"280",47.133333,-93.666667,1,30.5908175680102,159,13,19,34,14,1,15,3,8,1,2,2,1,4,0,1,0,0,1,0,2,0
"113",113,"287",43.083333,-89.866667,0,30.5997121220679,130,11,29,20,9,3,11,1,1,2,3,4,3,8,0,1,0,0,1,0,0,0
"114",114,"2881",45.848889,-93.167778,1,130.865287462269,459,14,29,104,8,2,14,5,4,34,17,6,4,1,0,0,0,1,1,1,5,1
"115",115,"2888",46.184444,-95.306944,1,31.6796448286025,313,28,72,98,29,7,35,7,13,0,6,7,9,4,0,4,0,0,1,1,3.5,2
"116",116,"29",44.8036,-94.5579,1,122.439375766148,250,25,24,105,21,3,24,2,4,23,7,6,4,2,0,0,0,0,1,0,4,0
"117",117,"2919",42.35154,-88.18475,1,94.5463759107047,188,6,11,53,12,0,7,1,2,17,4,3,0,4,3,0,1,0,1,0,4,0
"118",118,"2948",46.95,-94.95,1,115.896740067664,193,10,15,71,14,1,29,1,2,14,9,2,7,3,0,0,2,0,1,0,5,0
"119",119,"2952",46.086111,-93.102778,0,30.5997121220679,279,22,40,68,18,3,21,3,3,1,9,6,4,9,0,0,0,0,1,0,0,2
"120",120,"296",46.633611,-92.614722,0,124.830139730913,291,44,14,119,12,3,16,5,5,19,12,8,3,3,0,1,1,0,0,0,9,3
"121",121,"2961",42.4,-85.383333,1,31.6796448286025,285,22,52,87,30,7,16,3,6,1,3,5,8,9,0,2,0,0,1,0,2,1
"122",122,"298",47.1775,-95.162675,1,30.5997121220679,444,17,33,55,23,0,10,3,0,1,7,1,3,2,0,1,0,0,0,0,1,0
"123",123,"3031",45.005015,-93.57276,1,115.896740067664,241,14,15,87,17,1,10,7,7,26,6,3,2,4,0,0,0,0,0,0,2,0
"124",124,"3032",46.429167,-85.661111,1,72.0904701822176,321,18,38,143,19,2,13,5,12,34,7,7,4,2,0,2,0,0,1,2,5,0
"125",125,"3035",45.333333,-90.083333,0,72.0904701822176,370,12,26,145,20,0,10,3,10,25,16,3,1,7,0,0,0,1,0,0,9,1
"126",126,"305",44.296475,-93.73571,1,30.0147183541247,267,14,39,50,15,4,20,2,6,1,4,2,5,6,0,0,3,0,0,1,1,3
"127",127,"3062",45.425,-93.183333,0,130.865287462269,161,10,17,53,13,1,2,4,3,9,6,1,1,0,0,1,1,0,0,0,2,0
"128",128,"3081",43.916944,-89.166944,0,88.9693129150875,248,11,22,106,21,2,18,3,8,11,10,8,5,5,0,0,0,0,0,1,4,0
"129",129,"313",45.783333,-89.483333,1,73.7563826073583,338,11,29,125,23,2,8,7,7,31,18,7,6,16,0,0,2,0,1,2,6,0
"130",130,"3131",46.18693,-89.702685,1,30.0147183541247,257,19,51,41,13,4,14,5,7,1,5,4,6,7,0,0,4,0,3,1,2,0
"131",131,"3138",46.416944,-92.716944,1,88.9693129150875,193,6,16,143,10,0,12,0,4,27,7,6,2,1,0,1,0,0,1,0,6,1
"132",132,"314",44.95769,-93.545105,0,88.9693129150875,475,15,16,76,20,1,10,3,3,42,25,10,4,0,0,0,0,1,1,1,5,0
"133",133,"325",47.924167,-91.994722,1,88.9693129150875,289,12,19,110,11,2,13,1,8,22,9,5,5,1,0,0,0,0,1,0,3,0
"134",134,"332",46.666667,-88.016667,0,43.628108866948,25.5,87,90,91,13,16,13,64,14,1,2,2,7,6,0,2,3,0,1,7,0,0
"135",135,"333",45.986111,-89.375,1,80.5147196537243,159,18,22,140,14,0,12,3,4,72,6,8,1,2,0,0,1,1,1,0,5,0
"136",136,"334",44.70722,-93.497645,0,87.8995829815204,308,15,26,259,10,0,15,4,7,37,12,4,0,2,0,1,0,1,1,1,5,1
"137",137,"3452",45.3,-90.35,1,145.765061974327,235,2676,31,45,19,1,13,4,3,0,6,1,4,0,0,2,3,0,1,5,1,0
"138",138,"3455",44.77085,-93.12255,1,177.889237099712,328,34,50,95,22,3,14,13,5,0,2,5,8,2,0,0,7,0,0,2,5,1
"139",139,"3483",48.142555,-91.11254,1,24.5773751735758,376,16,32,49,13,1,9,2,9,3,7,1,1,4,0,0,0,0,1,0,2,2
"140",140,"3485",46.427222,-84.958333,1,33.6442684564922,156,10,12,26,9,0,13,0,5,1,2,0,0,3,0,0,0,0,1,0,5,0
"141",141,"3486",46.427222,-84.958333,0,115.031265586697,347,13,13,147,22,1,17,4,4,24,16,3,1,1,0,0,1,0,0,0,4,0
"142",142,"3492",47.244755,-95.007715,0,111.694302379979,167,25,38,60,65,7,16,4,7,0,0,3,5,26,2,1,3,0,0,0,0,0
"143",143,"352",45.411111,-93.197222,1,158.478458349836,198,2,7,99,5,2,9,4,3,76,12,10,1,0,26,1,2,15,0,1,4,0
"144",144,"3541",45.03503,-93.6305,0,131.971221755532,257,5,15,49,4,0,6,1,5,20,2,3,3,2,0,0,0,0,2,0,1,0
"145",145,"3558",45.03503,-93.6305,0,100.999190923551,280,13,23,130,16,1,14,8,8,51,18,4,3,1,0,0,0,0,0,0,6,0
"146",146,"3563",41.583056,-85.25,0,97.484536426299,117,7,9,90,18,3,20,3,1,16,11,4,0,2,0,1,0,0,0,0,6,0
"147",147,"3620",44.45,-87.515556,1,10.8156912648651,36,118,80,22,31,39,5,17,7,0,4,0,4,1,1,5,1,0,1,5,1,0
"148",148,"3784",48.098755,-92.010535,0,22.8173233301572,36.5,80,79,45,20,12,19,14,3,0,6,1,2,0,5,3,1,0,0,1,1,1
"149",149,"3786",48.098755,-92.010535,0,81.9624162551233,148.5,32,34,187,177,7,12,14,8,25,14,38,5,0,11,1,7,24,2,1,5.5,2
"150",150,"3788",48.098755,-92.010535,0,97.484536426299,67,3,15,125,9,0,3,1,2,48,3,8,4,6,38,4,2,0,0,0,1,0
"151",151,"382",47.172305,-94.938965,0,8.55156067148377,56,90,100,39,23,19,16,15,7,0,3.5,1,9,6,0,12,0,0,0,0,0,1
"152",152,"3831",43.416667,-84.883333,1,38.9216936683614,341,31,25,65,16,2,15,2,3,1,6,5,3,3,0,3,0,0,0,0,3,0
"153",153,"3837",47.471667,-91.66,1,72.8611376898976,213,15,20,148,158,54,11,10,12,17,11,8,0,0,0,0,1,14,1,0,9,0
"154",154,"490",41.638535,-86.544595,1,119.701132742177,232,22,18,203,9,1,23,12,3,62,11,0,5,4,0,1,1,0,0,0,4,0
"155",155,"515",45.76101,-96.01988,0,22.8173233301572,39.5,67,58,34,15,13,27,20,7,0,3.5,1,3,6,1,5,1,0,0,1,0,0
"156",156,"521",47.182465,-95.73495,0,60.1208607799157,157,56,38,32,14,9,8,42,12,1,2,5,7,2,0,1,1,0,1,0,2,1
"157",157,"532",44.7,-84.958333,1,130.166236148686,232,19,27,199,17,3,16,2,5,91,18,7,6,3,0,1,1,1,1,2,12,2
"158",158,"545",46.173889,-95.915278,1,71.296981727716,107,25,18,28,14,5,15,14,3,1,1,0,3,0,0,0,0,0,0,1,0,1
"159",159,"546",45.275,-91.475,1,36.6886162751827,298,24,22,74,14,7,18,4,4,6,9,1,2,4,0,1,0,0,0,0,3,0
"160",160,"679",43.48,-85,1,43.5426113240561,494,31,25,92,15,9,10,4,0,5,17,0,2,3,0,0,0,0,0,1,4,0
"161",161,"681",45.85,-89.316667,1,32.5469200941858,140,44,34,34,40,14,12,11,4,0,3,3,3,0,1,0,1,0,0,1,0,0
"162",162,"684",43.4178,-89.73205,1,91.3630558258797,416.5,15,23,85,46,8,13,8,7,13,17,4,4,0,1,2,0,9,0,0,3,0
"163",163,"717",48.183333,-92.183333,1,74.5853162183769,237,22,31,84,22,5,16,9,2,0,3,3,3,3,1,2,2,0,0,0,2,1
"164",164,"774",47.708333,-91.641667,1,31.0433466257546,316,24,32,73,16,4,18,2,3,3,11,2,2,2,0,0,0,0,0,1,2,0
"165",165,"781",45.333333,-93.508333,1,58.5783322988386,237,15,20,42,12,2,10,0,6,1,5,2,3,2,0,1,1,0,1,0,2,0
"166",166,"786",44.47012,-93.619035,0,32.8993830159798,108,5,9,28,2,1,6,0,3,4,4,2,1,0,0,0,0,0,0,0,1,1
"167",167,"817",47.272455,-96.09405,0,32.8993830159798,228,23,17,63,13,6,23,2,0,3,4,0,1,4,0,3,0,0,0,1,0,0
"168",168,"822",44.75815,-93.16449,1,63.1180499139425,175,11,15,64,18,4,5,0,3,0,1,3,1,1,0,1,2,0,0,2,9,0
"169",169,"824",46.218889,-94.753333,1,51.7474914545435,183,26,16,80,14,1,24,0,4,5,5,2,1,4,0,1,1,0,0,0,1,0
"170",170,"846",47.165,-95.558333,1,111.548610043419,51,8,8,46,5,0,5,1,1,6,11,7,1,1,0,0,0,9,0,0,1,0
"171",171,"847",42.33,-83.63,1,111.548610043419,108,9,19,108,11,0,1,3,3,18,9,14,2,2,1,1,1,17,1,0,2,0
"172",172,"850",44.945765,-94.42074,1,111.548610043419,111,6,22,120,13,0,4,1,4,20,15,13,0,0,1,0,3,8,1,0,2,0
"173",173,"860",44.05,-87.733333,1,90.6806870976048,285,11,11,112,26,6,7,5,5,23,20,12,0,0,7,3,1,16,1,1,5,0
"174",174,"869",44.2329,-93.87066,1,192.314428521141,112,13,16,171,7,10,6,10,12,96,7,12,3,7,4,0,0,9,1,1,1,0
"175",175,"967",46.583333,-92.466667,1,45.9440067017058,373,18,24,70,12,2,24,7,2,2,7,4,1,7,0,0,0,0,0,1,1,0
"176",176,"990",47.2036,-95.755515,0,59.3446315538247,317,40,39,78,94.5,23,22,18,5,0,9,5,5,44,13,2,5.5,0,0,0,3.5,0
"177",177,"CALPRE1",45.917883,-89.434358,0,130.249960727325,92,6,7,137,11,1,3,4,8,27,7,6,0,0,0,0,0,8,0,0,0,0
"178",178,"CALPRE10",45.934297,-89.519786,1,48.5086027662019,438,28,32,192,20,2,24,5,7,18,14,6,6,15,0,1,0,0,3,1,5,0
"179",179,"CALPRE11",45.9395,-92.0572,0,39.6714171141166,213,23,21,25,14.5,7.5,13,7,3,0,1.5,3,3,3,3,1,3.5,0,0,0,0,0
"180",180,"CALPRE12",45.942934,-89.22145,1,143.594746146342,107,0,3,58,5,0,0,0,1,14,14,2,1,0,0,0,0,9,0,0,7,0
"181",181,"CALPRE13",45.9477,-92.197,1,48.5086027662019,177,12,16,52,14,1,10,0,5,1,3,1,0,2,0,0,0,0,0,0,2,0
"182",182,"CALPRE14",45.9599,-92.1084,1,62.7456509453711,334,29,18,63,23,3,20,4,4,2,9,3,0,4,0,0,0,0,0,0,4,1
"183",183,"CALPRE15",45.965542,-89.483116,1,106.935081767777,182,14,17,61,12,0,9,3,5,2,12,0,0,1,2,0,2,0,0,0,2,0
"184",184,"CALPRE16",45.971148,-89.708418,1,5.94495943313729,61,86,78,22,12,22,7,64,8,0,3,0,3,6,0,2,0,0,0,10,0,0
"185",185,"CALPRE17",45.982146,-89.685207,0,141.46764731592,86,10,9,115,2,0,9,3,15,52,2,17,5,0,0,3,0,0,0,0,2,0
"186",186,"CALPRE18",45.98437,-92.16812,1,80.8818329720518,221,11,16,77,10,3,19,2,3,0,12,1,2,1,2,5,4,0,0,1,5,0
"187",187,"CALPRE19",45.9939,-89.61883,1,65.3559557927111,382,29,42,178,23,2,25,4,7,14,5,6,9,15,0,1,3,1,1,0,1,1
"188",188,"CALPRE2",45.9208573,-89.6996401,0,5.94495943313729,36,193,52,23,38,52,7,10,7,1,1,1,2,3,2,8,2,0,0,2,0,0
"189",189,"CALPRE20",46.0086459,-89.6997036,0,85.6728560134437,317,9,17,122,22,10,13,6,8,17,33,8,3,1,8,2,3,0,0,0,5,1
"190",190,"CALPRE21",46.0126,-92.2259,0,88.2163935828365,160,11,8,34,14,1,6,1,3,2,7,1,2,3,0,0,0,0,0,0,2,0
"191",191,"CALPRE22",46.0369394,-89.6288435,1,50.9574938947839,130,8,14,41,9,1,1,3,4,13,12,5,2,4,8,1,2,3,1,0,1,0
"192",192,"CALPRE23",46.051978,-89.590709,1,97.4626112810797,187,6,14,125,4,7,24,2,6,14,15,15,1,2,6,2,1,0,0,0,5,1
"193",193,"CALPRE24",46.05323,-89.566965,1,32.9465678377473,359.5,36,23,31.5,14.5,24.5,24,5,10,0,10.5,1,1,6,1,6,2,0,0,0,4,0
"194",194,"CALPRE25",46.063419,-89.704896,1,35.1549202012356,158.5,31,9,14,17,27,15,3,0,0,2,1,3,0,0,2,0,0,0,1,1,0
"195",195,"CALPRE26",46.0665173,-89.6038754,1,35.8328469544843,219,43,46,28,28,9,7,10,9,0,5.5,0,4,1,1,0,3,0,0,1,0,0
"196",196,"CALPRE27",46.09,-91.94,0,84.3261525898077,215,16,14,57,7,4,7,7,1,2,2,3,1,2,6,2,4,0,1,1,2,1
"197",197,"CALPRE28",46.121,-92.039,0,27.4804124966439,204,32,18,41,6,2,20,8,5,0,1,2,1,3,0,3,0,0,0,0,1,0
"198",198,"CALPRE29",46.125602,-89.284923,1,23.6785368562087,83,83,91,56,17,48,12,27,13,0,3,1,6,2,0,3,0,0,0,2,2,0
"199",199,"CALPRE3",45.924,-91.961,0,104.606276754137,111.5,30,15,140,15,9,11,11,5,1,5,3,8,11,2,0,4,0,0,2,1.5,0
"200",200,"CALPRE30",46.1567454,-89.1780327,1,104.606276754137,195,22,33,111,25,9,26,10,10,0,2.5,4,4,2,0,2,3,0,1,3,1.5,0
"201",201,"CALPRE31",46.159086,-89.91917,1,104.606276754137,168,21,17,161,12,10,12,12,6,0,12.5,11,2,11,1,0,2,0,0,1,5.5,0
"202",202,"CALPRE32",46.171864,-89.710237,0,31.0827619604825,104,30,37,117,12,6,9,33,14,0,5,4,0,0,0,1,4,0,0,3,2,0
"203",203,"CALPRE33",46.203,-91.858,0,66.5918369486678,156,40,40,39,3,9,10,9,16,0,3,3,4,4,0,4,5,0,1,1,4,0
"204",204,"CALPRE34",46.205384,-89.792614,0,57.1570764078918,320,34,18,78,6,6,34,14,4,0,7,2,5,6,0,3,1,0,0,0,1,0
"205",205,"CALPRE35",46.240885,-89.68285,0,57.1570764078918,266,38,23,84,38,11,34,18,3,0,8,0,3,9,0,1,1,0,0,0,3,0
"206",206,"CALPRE36",46.274,-91.693,0,59.2595060945196,260,67,20,32,10,10,16,5,1,0,7,0,1,1,1,2,10,0,0,0,2,0
"207",207,"CALPRE37",46.318,-91.688,1,3.94820999807681,101,89,58,39,22,36,15,10,11,0,5,3,5,5,0,4,0,0,1,1,3,2
"208",208,"CALPRE38",46.36,-91.619,0,66.5918369486678,94,123,52,103,14,18,10,28,13,0,6,2,3,3,0,4,5,0,1,1,3,0
"209",209,"CALPRE39",46.382,-91.496,0,50.8349724480041,58,61,47,87,11,13,9,37,22,0,4,0,4,5,0,2,0,0,1,0,0,0
"210",210,"CALPRE4",45.9267,-92.468,0,50.8349724480041,71,71,55,117,28,17,9,46,27,0,4,2,4,0,1,4,1,0,1,15,0,0
"211",211,"CALPRE40",46.382,-91.701,1,7.60572158092926,53,157,36,44,46,35,10,11,9,0,7,1,1,2,0,7,0,0,0,2,0,0
"212",212,"CALPRE41",46.407,-91.528,1,66.5918369486678,119,45,58,69,14,20,13,14,9,1,7,2,4,0,2,3,2,0,0,1,3,0
"213",213,"CALPRE42",46.423,-91.48,1,50.8349724480041,148,103,111,50,14,35,24,19,17,0,6,4,3,3,0,3,0,0,3,0,2,1
"214",214,"CALPRE43",46.50213,-91.41097,1,47.0609480325269,275,7,7,17,1,0,7,0,1,1,5,0,1,0,0,0,3,0,0,0,2,0
"215",215,"CALPRE44",46.543,-91.35,1,47.0609480325269,228,22,7,23,7,4,7,3,1,0,1,2,1,3,0,0,2,0,0,0,2,0
"216",216,"CALPRE45",46.5678,-91.3002,1,8.67040663824338,63,129,56,28,17,80,8,12,6,1,4,1,8,4,0,6,1,0,1,1,1,0
"217",217,"CALPRE46",46.57128,-91.27224,1,75.5600246778059,192,23,11,75,10,4,15,5,0,0,11,1,1,2,5,5,3,0,0,1,3,0
"218",218,"CALPRE47",46.65141,-91.23631,1,51.429226609186,361,38,15,140,0,7,29,4,0,4,140,0,4,4,4,4,18,0,4,0,22,0
"219",219,"CALPRE48",46.6838,-91.063,0,41.655150646969,164.5,17,3,10,17,40.5,10,1,1,0,6,0,0,2,0,3,1,0,0,0,1,0
"220",220,"CALPRE5",45.9271,-92.256,1,23.2200760957723,48,82,61,58,19,14,10,36,4,1,4,0,2,7,4,9,0,0,0,1,1,0
"221",221,"CALPRE6",45.928,-92.083,1,33.7842666493286,139,8,5,60,53,1,6,1,0,2,21,0,1,0,0,0,0,0,0,0,3,0
"222",222,"CALPRE7",45.930417,-89.357161,1,57.8232601471608,353,18,11,54,19,5,33,2,1,1,31,2,3,9,40,3,5,0,0,1,4,0
"223",223,"CALPRE8",45.932,-92.2359,1,60.9225497282448,173,13,2,25,21,1,13,1,4,1,27,0,0,7,7,2,3,0,0,0,6,0
"224",224,"CALPRE9",45.932222,-89.208192,1,12.8977029726619,151,27,2,57,20,1,56,3,0,1,63,3,1,4,16,3,4,0,0,0,8,0
"225",225,"CLH1",45.302,-91.194,0,51.9324856134759,449,48,32,148,45,8,34,1,5,1,76,2,4,2,15,1,37,0,1,0,14,1
"226",226,"CLH3",45.872,-92.341,0,53.5882732936078,144,11,4,44,6,3,18,3,1,0,13,1,2,4,0,0,1,0,0,0,1,0
"227",227,"CLH4",45.901,-92.272,1,34.5762719759703,267,20,0,52,54,2,35,3,1,0,35,0,0,1,0,3,3,0,1,0,1,0
"228",228,"CLH5",45.9036,-92.0609,1,34.5762719759703,274,24,7,51,157,16,33,2,0,3,39,1,1,1,0,1,0,0,1,0,4,0
"229",229,"CLH6",45.90634,-89.690237,0,34.5762719759703,357,28,8,66,175,14,21,9,2,2,73,0,2,5,0,2,5,0,0,0,1,0
"230",230,"CLH7",45.8618,-92.2786,1,52.9379383109505,1084,71,23,174,12,3,113,6,9,2,111,3,2,17,59,9,8,0,1,1,14,0
"231",231,"CLH8",45.1915,-90.60789,0,41.0678622316223,175,16,4,54,19,0,17,2,0,0,29,0,2,5,8,1,2,0,0,0,4,1
"232",232,"CLH9",45.7865,-92.219,0,41.1173320403289,136,9,6,30,12,4,10,2,1,1,26,0,0,5,1,1,2,0,0,1,2,1
